{"accuracy": [0.2854820489883423, 0.28260597586631775, 0.31374266743659973, 0.38889583945274353, 0.4321620464324951, 0.46492433547973633, 0.48943352699279785, 0.5173190236091614, 0.5370764136314392, 0.5513317584991455, 0.5680880546569824], "loss": [1.6065257787704468, 1.5945162773132324, 1.5341694355010986, 1.3910551071166992, 1.2689169645309448, 1.1907788515090942, 1.1163976192474365, 1.0598934888839722, 1.020434856414795, 0.9775649905204773, 0.9437938928604126], "val_accuracy": [0.30550000071525574, 0.2985000014305115, 0.38499999046325684, 0.4359999895095825, 0.43799999356269836, 0.4584999978542328, 0.4350000023841858, 0.492000013589859, 0.46399998664855957, 0.4950000047683716, 0.4819999933242798], "val_loss": [1.5790294408798218, 1.590444564819336, 1.492446780204773, 1.337560772895813, 1.2471929788589478, 1.208249568939209, 1.2496014833450317, 1.1158238649368286, 1.1725660562515259, 1.1490446329116821, 1.147125005722046]}