{"accuracy": [0.3196198642253876, 0.458421915769577, 0.5479555130004883, 0.6019757390022278, 0.6481180191040039, 0.6947605609893799, 0.7364011406898499], "loss": [2.703123092651367, 1.66981840133667, 1.2594304084777832, 1.0617352724075317, 0.9375410079956055, 0.8437614440917969, 0.7526255249977112], "val_accuracy": [0.2800000011920929, 0.44999998807907104, 0.4350000023841858, 0.4584999978542328, 0.4390000104904175, 0.4580000042915344, 0.40849998593330383], "val_loss": [2.314387321472168, 1.5972323417663574, 1.4423205852508545, 1.3250056505203247, 1.452142357826233, 1.4302109479904175, 1.7118397951126099]}